No,AccountNumber,Name,Id
1,CC978213,GenePoint,0011t00000J9zoiAAB
2,CD355119-A,"United Oil & Gas, UK",0011t00000J9zogAAB
3,CD355120-B,"United Oil & Gas, Singapore",0011t00000J9zohAAB
4,CD451796,Edge Communications,0011t00000J9zoYAAR
5,CD656092,Burlington Textiles Corp of America,0011t00000J9zoZAAR
6,CC213425,Pyramid Construction Inc.,0011t00000J9zoaAAB
7,CC634267,Dickenson plc,0011t00000J9zobAAB
8,CD439877,Grand Hotels & Resorts Ltd,0011t00000J9zocAAB
9,CC947211,Express Logistics and Transport,0011t00000J9zoeAAB
10,CD736025,University of Arizona,0011t00000J9zofAAB
11,CD355118,United Oil & Gas Corp.,0011t00000J9zodAAB
